Date,Month,Day of Week
2026-01-01,January,Thursday
2026-01-02,January,Friday
2026-01-03,January,Saturday
2026-01-04,January,Sunday
2026-01-05,January,Monday
2026-01-06,January,Tuesday
2026-01-07,January,Wednesday
2026-01-08,January,Thursday
2026-01-09,January,Friday
2026-01-10,January,Saturday
2026-01-11,January,Sunday
2026-01-12,January,Monday
2026-01-13,January,Tuesday
2026-01-14,January,Wednesday
2026-01-15,January,Thursday
2026-01-16,January,Friday
2026-01-17,January,Saturday
2026-01-18,January,Sunday
2026-01-19,January,Monday
2026-01-20,January,Tuesday
2026-01-21,January,Wednesday
2026-01-22,January,Thursday
2026-01-23,January,Friday
2026-01-24,January,Saturday
2026-01-25,January,Sunday
2026-01-26,January,Monday
2026-01-27,January,Tuesday
2026-01-28,January,Wednesday
2026-01-29,January,Thursday
2026-01-30,January,Friday
2026-01-31,January,Saturday
2026-02-01,February,Sunday
2026-02-02,February,Monday
2026-02-03,February,Tuesday
2026-02-04,February,Wednesday
2026-02-05,February,Thursday
2026-02-06,February,Friday
2026-02-07,February,Saturday
2026-02-08,February,Sunday
2026-02-09,February,Monday
2026-02-10,February,Tuesday
2026-02-11,February,Wednesday
2026-02-12,February,Thursday
2026-02-13,February,Friday
2026-02-14,February,Saturday
2026-02-15,February,Sunday
2026-02-16,February,Monday
2026-02-17,February,Tuesday
2026-02-18,February,Wednesday
2026-02-19,February,Thursday
2026-02-20,February,Friday
2026-02-21,February,Saturday
2026-02-22,February,Sunday
2026-02-23,February,Monday
2026-02-24,February,Tuesday
2026-02-25,February,Wednesday
2026-02-26,February,Thursday
2026-02-27,February,Friday
2026-02-28,February,Saturday
2026-03-01,March,Sunday
2026-03-02,March,Monday
2026-03-03,March,Tuesday
2026-03-04,March,Wednesday
2026-03-05,March,Thursday
2026-03-06,March,Friday
2026-03-07,March,Saturday
2026-03-08,March,Sunday
2026-03-09,March,Monday
2026-03-10,March,Tuesday
2026-03-11,March,Wednesday
2026-03-12,March,Thursday
2026-03-13,March,Friday
2026-03-14,March,Saturday
2026-03-15,March,Sunday
2026-03-16,March,Monday
2026-03-17,March,Tuesday
2026-03-18,March,Wednesday
2026-03-19,March,Thursday
2026-03-20,March,Friday
2026-03-21,March,Saturday
2026-03-22,March,Sunday
2026-03-23,March,Monday
2026-03-24,March,Tuesday
2026-03-25,March,Wednesday
2026-03-26,March,Thursday
2026-03-27,March,Friday
2026-03-28,March,Saturday
2026-03-29,March,Sunday
2026-03-30,March,Monday
2026-03-31,March,Tuesday
2026-04-01,April,Wednesday
2026-04-02,April,Thursday
2026-04-03,April,Friday
2026-04-04,April,Saturday
2026-04-05,April,Sunday
2026-04-06,April,Monday
2026-04-07,April,Tuesday
2026-04-08,April,Wednesday
2026-04-09,April,Thursday
2026-04-10,April,Friday
2026-04-11,April,Saturday
2026-04-12,April,Sunday
2026-04-13,April,Monday
2026-04-14,April,Tuesday
2026-04-15,April,Wednesday
2026-04-16,April,Thursday
2026-04-17,April,Friday
2026-04-18,April,Saturday
2026-04-19,April,Sunday
2026-04-20,April,Monday
2026-04-21,April,Tuesday
2026-04-22,April,Wednesday
2026-04-23,April,Thursday
2026-04-24,April,Friday
2026-04-25,April,Saturday
2026-04-26,April,Sunday
2026-04-27,April,Monday
2026-04-28,April,Tuesday
2026-04-29,April,Wednesday
2026-04-30,April,Thursday
2026-05-01,May,Friday
2026-05-02,May,Saturday
2026-05-03,May,Sunday
2026-05-04,May,Monday
2026-05-05,May,Tuesday
2026-05-06,May,Wednesday
2026-05-07,May,Thursday
2026-05-08,May,Friday
2026-05-09,May,Saturday
2026-05-10,May,Sunday
2026-05-11,May,Monday
2026-05-12,May,Tuesday
2026-05-13,May,Wednesday
2026-05-14,May,Thursday
2026-05-15,May,Friday
2026-05-16,May,Saturday
2026-05-17,May,Sunday
2026-05-18,May,Monday
2026-05-19,May,Tuesday
2026-05-20,May,Wednesday
2026-05-21,May,Thursday
2026-05-22,May,Friday
2026-05-23,May,Saturday
2026-05-24,May,Sunday
2026-05-25,May,Monday
2026-05-26,May,Tuesday
2026-05-27,May,Wednesday
2026-05-28,May,Thursday
2026-05-29,May,Friday
2026-05-30,May,Saturday
2026-05-31,May,Sunday
2026-06-01,June,Monday
2026-06-02,June,Tuesday
2026-06-03,June,Wednesday
2026-06-04,June,Thursday
2026-06-05,June,Friday
2026-06-06,June,Saturday
2026-06-07,June,Sunday
2026-06-08,June,Monday
2026-06-09,June,Tuesday
2026-06-10,June,Wednesday
2026-06-11,June,Thursday
2026-06-12,June,Friday
2026-06-13,June,Saturday
2026-06-14,June,Sunday
2026-06-15,June,Monday
2026-06-16,June,Tuesday
2026-06-17,June,Wednesday
2026-06-18,June,Thursday
2026-06-19,June,Friday
2026-06-20,June,Saturday
2026-06-21,June,Sunday
2026-06-22,June,Monday
2026-06-23,June,Tuesday
2026-06-24,June,Wednesday
2026-06-25,June,Thursday
2026-06-26,June,Friday
2026-06-27,June,Saturday
2026-06-28,June,Sunday
2026-06-29,June,Monday
2026-06-30,June,Tuesday
2026-07-01,July,Wednesday
2026-07-02,July,Thursday
2026-07-03,July,Friday
2026-07-04,July,Saturday
2026-07-05,July,Sunday
2026-07-06,July,Monday
2026-07-07,July,Tuesday
2026-07-08,July,Wednesday
2026-07-09,July,Thursday
2026-07-10,July,Friday
2026-07-11,July,Saturday
2026-07-12,July,Sunday
2026-07-13,July,Monday
2026-07-14,July,Tuesday
2026-07-15,July,Wednesday
2026-07-16,July,Thursday
2026-07-17,July,Friday
2026-07-18,July,Saturday
2026-07-19,July,Sunday
2026-07-20,July,Monday
2026-07-21,July,Tuesday
2026-07-22,July,Wednesday
2026-07-23,July,Thursday
2026-07-24,July,Friday
2026-07-25,July,Saturday
2026-07-26,July,Sunday
2026-07-27,July,Monday
2026-07-28,July,Tuesday
2026-07-29,July,Wednesday
2026-07-30,July,Thursday
2026-07-31,July,Friday
2026-08-01,August,Saturday
2026-08-02,August,Sunday
2026-08-03,August,Monday
2026-08-04,August,Tuesday
2026-08-05,August,Wednesday
2026-08-06,August,Thursday
2026-08-07,August,Friday
2026-08-08,August,Saturday
2026-08-09,August,Sunday
2026-08-10,August,Monday
2026-08-11,August,Tuesday
2026-08-12,August,Wednesday
2026-08-13,August,Thursday
2026-08-14,August,Friday
2026-08-15,August,Saturday
2026-08-16,August,Sunday
2026-08-17,August,Monday
2026-08-18,August,Tuesday
2026-08-19,August,Wednesday
2026-08-20,August,Thursday
2026-08-21,August,Friday
2026-08-22,August,Saturday
2026-08-23,August,Sunday
2026-08-24,August,Monday
2026-08-25,August,Tuesday
2026-08-26,August,Wednesday
2026-08-27,August,Thursday
2026-08-28,August,Friday
2026-08-29,August,Saturday
2026-08-30,August,Sunday
2026-08-31,August,Monday
2026-09-01,September,Tuesday
2026-09-02,September,Wednesday
2026-09-03,September,Thursday
2026-09-04,September,Friday
2026-09-05,September,Saturday
2026-09-06,September,Sunday
2026-09-07,September,Monday
2026-09-08,September,Tuesday
2026-09-09,September,Wednesday
2026-09-10,September,Thursday
2026-09-11,September,Friday
2026-09-12,September,Saturday
2026-09-13,September,Sunday
2026-09-14,September,Monday
2026-09-15,September,Tuesday
2026-09-16,September,Wednesday
2026-09-17,September,Thursday
2026-09-18,September,Friday
2026-09-19,September,Saturday
2026-09-20,September,Sunday
2026-09-21,September,Monday
2026-09-22,September,Tuesday
2026-09-23,September,Wednesday
2026-09-24,September,Thursday
2026-09-25,September,Friday
2026-09-26,September,Saturday
2026-09-27,September,Sunday
2026-09-28,September,Monday
2026-09-29,September,Tuesday
2026-09-30,September,Wednesday
2026-10-01,October,Thursday
2026-10-02,October,Friday
2026-10-03,October,Saturday
2026-10-04,October,Sunday
2026-10-05,October,Monday
2026-10-06,October,Tuesday
2026-10-07,October,Wednesday
2026-10-08,October,Thursday
2026-10-09,October,Friday
2026-10-10,October,Saturday
2026-10-11,October,Sunday
2026-10-12,October,Monday
2026-10-13,October,Tuesday
2026-10-14,October,Wednesday
2026-10-15,October,Thursday
2026-10-16,October,Friday
2026-10-17,October,Saturday
2026-10-18,October,Sunday
2026-10-19,October,Monday
2026-10-20,October,Tuesday
2026-10-21,October,Wednesday
2026-10-22,October,Thursday
2026-10-23,October,Friday
2026-10-24,October,Saturday
2026-10-25,October,Sunday
2026-10-26,October,Monday
2026-10-27,October,Tuesday
2026-10-28,October,Wednesday
2026-10-29,October,Thursday
2026-10-30,October,Friday
2026-10-31,October,Saturday
2026-11-01,November,Sunday
2026-11-02,November,Monday
2026-11-03,November,Tuesday
2026-11-04,November,Wednesday
2026-11-05,November,Thursday
2026-11-06,November,Friday
2026-11-07,November,Saturday
2026-11-08,November,Sunday
2026-11-09,November,Monday
2026-11-10,November,Tuesday
2026-11-11,November,Wednesday
2026-11-12,November,Thursday
2026-11-13,November,Friday
2026-11-14,November,Saturday
2026-11-15,November,Sunday
2026-11-16,November,Monday
2026-11-17,November,Tuesday
2026-11-18,November,Wednesday
2026-11-19,November,Thursday
2026-11-20,November,Friday
2026-11-21,November,Saturday
2026-11-22,November,Sunday
2026-11-23,November,Monday
2026-11-24,November,Tuesday
2026-11-25,November,Wednesday
2026-11-26,November,Thursday
2026-11-27,November,Friday
2026-11-28,November,Saturday
2026-11-29,November,Sunday
2026-11-30,November,Monday
2026-12-01,December,Tuesday
2026-12-02,December,Wednesday
2026-12-03,December,Thursday
2026-12-04,December,Friday
2026-12-05,December,Saturday
2026-12-06,December,Sunday
2026-12-07,December,Monday
2026-12-08,December,Tuesday
2026-12-09,December,Wednesday
2026-12-10,December,Thursday
2026-12-11,December,Friday
2026-12-12,December,Saturday
2026-12-13,December,Sunday
2026-12-14,December,Monday
2026-12-15,December,Tuesday
2026-12-16,December,Wednesday
2026-12-17,December,Thursday
2026-12-18,December,Friday
2026-12-19,December,Saturday
2026-12-20,December,Sunday
2026-12-21,December,Monday
2026-12-22,December,Tuesday
2026-12-23,December,Wednesday
2026-12-24,December,Thursday
2026-12-25,December,Friday
2026-12-26,December,Saturday
2026-12-27,December,Sunday
2026-12-28,December,Monday
2026-12-29,December,Tuesday
2026-12-30,December,Wednesday
2026-12-31,December,Thursday